{
  "properties": {
    "connectionReferences": {},
    "definition": {
      "$schema": "https://schema.management.azure.com/providers/Microsoft.Logic/schemas/2016-06-01/workflowdefinition.json#",
      "contentVersion": "1.0.0.0",
      "parameters": {
        "$authentication": {
          "defaultValue": {},
          "type": "SecureObject"
        },
        "$connections": {
          "defaultValue": {},
          "type": "Object"
        }
      },
      "triggers": {
        "manual": {
          "metadata": {
            "operationMetadataId": "b78c0100-5884-4d45-8411-8660763ad1ed"
          },
          "type": "Request",
          "kind": "Button",
          "inputs": {
            "schema": {
              "type": "object",
              "properties": {
                "text": {
                  "title": "Input",
                  "type": "string",
                  "x-ms-dynamically-added": true,
                  "description": "Please enter your input",
                  "x-ms-content-hint": "TEXT"
                },
                "text_1": {
                  "title": "Match",
                  "type": "string",
                  "x-ms-dynamically-added": true,
                  "description": "Please enter your input",
                  "x-ms-content-hint": "TEXT"
                }
              },
              "required": [
                "text",
                "text_1"
              ]
            }
          }
        }
      },
      "actions": {
        "CRLF": {
          "runAfter": {},
          "metadata": {
            "operationMetadataId": "479e1e01-f937-4ff3-a2f7-8c9e559d701e"
          },
          "type": "InitializeVariable",
          "inputs": {
            "variables": [
              {
                "name": "CRLF",
                "type": "string",
                "value": "\n"
              }
            ]
          }
        },
        "Split_Text_Input_into_array": {
          "runAfter": {
            "CRLF": [
              "Succeeded"
            ]
          },
          "metadata": {
            "operationMetadataId": "cf9c773e-52e8-41b8-ab2b-1f920989ca33"
          },
          "type": "Compose",
          "inputs": "@take(split(trim(uriComponentToString(replace(uriComponent(triggerBody()['text']),'%0A','~~'))),'~~'),6)",
          "description": "Only get the first 6 lines"
        },
        "Remove_empty_lines": {
          "runAfter": {
            "Split_Text_Input_into_array": [
              "Succeeded"
            ]
          },
          "metadata": {
            "operationMetadataId": "69de4328-b229-4ef4-8c08-f6a30dbe2efa"
          },
          "type": "Query",
          "inputs": {
            "from": "@outputs('Split_Text_Input_into_array')",
            "where": "@not(equals(item(), ''))"
          }
        },
        "Find_the_match_line": {
          "runAfter": {
            "Remove_empty_lines": [
              "Succeeded"
            ]
          },
          "metadata": {
            "operationMetadataId": "24032446-795c-4ccd-b7cc-da501e479f53"
          },
          "type": "Query",
          "inputs": {
            "from": "@body('Remove_empty_lines')",
            "where": "@startsWith(item(), triggerBody()['text_1'])"
          }
        },
        "Respond_to_a_PowerApp_or_flow": {
          "runAfter": {
            "Was_a_match_found": [
              "Succeeded"
            ]
          },
          "metadata": {
            "operationMetadataId": "05e17a88-273f-4a84-b1fd-94c92cca6a54"
          },
          "type": "Response",
          "kind": "PowerApp",
          "inputs": {
            "schema": {
              "type": "object",
              "properties": {
                "output": {
                  "title": "Output",
                  "x-ms-dynamically-added": true,
                  "type": "string"
                }
              },
              "additionalProperties": {}
            },
            "statusCode": 200,
            "body": {
              "output": "@variables('extracted string')"
            }
          }
        },
        "Was_a_match_found": {
          "actions": {
            "Set_extracted_string": {
              "metadata": {
                "operationMetadataId": "0bc6b388-dfd5-4010-b686-82177ab89361"
              },
              "type": "SetVariable",
              "inputs": {
                "name": "extracted string",
                "value": "@{trim(split(first(body('Find_the_match_line')),':')[1])}"
              }
            }
          },
          "runAfter": {
            "Initialize_variable": [
              "Succeeded"
            ]
          },
          "else": {
            "actions": {}
          },
          "expression": {
            "greater": [
              "@length(body('Find_the_match_line'))",
              0
            ]
          },
          "metadata": {
            "operationMetadataId": "e0ca4ee6-5880-4e2e-8b08-23a95aa94a8f"
          },
          "type": "If"
        },
        "Initialize_variable": {
          "runAfter": {
            "Find_the_match_line": [
              "Succeeded"
            ]
          },
          "metadata": {
            "operationMetadataId": "b63a3745-7088-4c2a-815b-8f84acdf3640"
          },
          "type": "InitializeVariable",
          "inputs": {
            "variables": [
              {
                "name": "extracted string",
                "type": "string"
              }
            ]
          }
        }
      }
    },
    "templateName": null
  },
  "schemaVersion": "1.0.0.0"
}