{
  "properties": {
    "connectionReferences": {
      "shared_planner": {
        "runtimeSource": "embedded",
        "connection": {
          "connectionReferenceLogicalName": "crafb_MessageCenterPlannerConnector"
        },
        "api": {
          "name": "shared_planner"
        }
      }
    },
    "definition": {
      "$schema": "https://schema.management.azure.com/providers/Microsoft.Logic/schemas/2016-06-01/workflowdefinition.json#",
      "contentVersion": "1.0.0.0",
      "parameters": {
        "$authentication": {
          "defaultValue": {},
          "type": "SecureObject"
        },
        "$connections": {
          "defaultValue": {},
          "type": "Object"
        },
        "Message Center Planner Group Id (crafb_MessageCenterPlannerGroupId)": {
          "defaultValue": "de66b2c2-9db8-4127-80df-c8f768cdc3f0",
          "type": "String",
          "metadata": {
            "schemaName": "crafb_MessageCenterPlannerGroupId"
          }
        },
        "Message Center Planner Plan Id (crafb_MessageCenterPlannerPlanId)": {
          "defaultValue": "Ejg9PFprv0OKEUnapVLmgWUAF6wN",
          "type": "String",
          "metadata": {
            "schemaName": "crafb_MessageCenterPlannerPlanId"
          }
        },
        "Set Task Percent Complete (crafb_SetTaskPercentComplete)": {
          "defaultValue": 0,
          "type": "Int",
          "metadata": {
            "schemaName": "crafb_SetTaskPercentComplete",
            "description": "Set to 0 for Not Started; Set to 100 for Complete"
          }
        }
      },
      "triggers": {
        "manual": {
          "metadata": {
            "operationMetadataId": "043d11f0-08c3-4692-a1a8-1f49f0a6e252"
          },
          "type": "Request",
          "kind": "Button",
          "inputs": {
            "schema": {
              "type": "object",
              "properties": {
                "text": {
                  "title": "Input",
                  "type": "string",
                  "x-ms-dynamically-added": true,
                  "description": "Please enter your input",
                  "x-ms-content-hint": "TEXT"
                }
              },
              "required": [
                "text"
              ]
            }
          }
        }
      },
      "actions": {
        "Respond_to_a_PowerApp_or_flow": {
          "runAfter": {
            "Catch": [
              "Succeeded"
            ]
          },
          "metadata": {
            "operationMetadataId": "9550aa37-3bbd-463f-b757-ffe58aded467"
          },
          "type": "Response",
          "kind": "PowerApp",
          "inputs": {
            "schema": {
              "type": "object",
              "properties": {},
              "additionalProperties": {}
            },
            "statusCode": 200,
            "body": {}
          }
        },
        "Initialize_Bucket_Name": {
          "runAfter": {},
          "metadata": {
            "operationMetadataId": "3b28b4db-3520-4fa5-8a07-63ae2cd9490c"
          },
          "type": "InitializeVariable",
          "inputs": {
            "variables": [
              {
                "name": "Bucket Name",
                "type": "string"
              }
            ]
          }
        },
        "Initialize_Is_Admin_Impact": {
          "runAfter": {
            "Initialize_Tags": [
              "Succeeded"
            ]
          },
          "metadata": {
            "operationMetadataId": "1a642b82-36c1-46c7-9372-61ace170a56c"
          },
          "type": "InitializeVariable",
          "inputs": {
            "variables": [
              {
                "name": "Is Admin Impact",
                "type": "boolean",
                "value": "@false"
              }
            ]
          }
        },
        "Initialize_Is_User_Impact": {
          "runAfter": {
            "Initialize_Is_Admin_Impact": [
              "Succeeded"
            ]
          },
          "metadata": {
            "operationMetadataId": "c81537aa-8c88-4c6e-a05e-ef1c36f9ad49"
          },
          "type": "InitializeVariable",
          "inputs": {
            "variables": [
              {
                "name": "Is User Impact",
                "type": "boolean",
                "value": "@false"
              }
            ]
          }
        },
        "Initialize_Is_New_Feature": {
          "runAfter": {
            "Initialize_Is_User_Impact": [
              "Succeeded"
            ]
          },
          "metadata": {
            "operationMetadataId": "62eb612e-8af2-4515-87fe-3e610ac00fcb"
          },
          "type": "InitializeVariable",
          "inputs": {
            "variables": [
              {
                "name": "Is New Feature",
                "type": "boolean",
                "value": "@false"
              }
            ]
          }
        },
        "Initialize_Is_Feature_update": {
          "runAfter": {
            "Initialize_Is_New_Feature": [
              "Succeeded"
            ]
          },
          "metadata": {
            "operationMetadataId": "cdacbd93-d507-430b-82fd-c972e232e1df"
          },
          "type": "InitializeVariable",
          "inputs": {
            "variables": [
              {
                "name": "Is Feature update",
                "type": "boolean",
                "value": "@false"
              }
            ]
          }
        },
        "Initialize_Tags": {
          "runAfter": {
            "Initialize_Bucket_Name": [
              "Succeeded"
            ]
          },
          "metadata": {
            "operationMetadataId": "2aca3896-2bee-43fb-a036-9c0844ff3760"
          },
          "type": "InitializeVariable",
          "inputs": {
            "variables": [
              {
                "name": "Tags",
                "type": "array"
              }
            ]
          }
        },
        "Initialize_Plan_for_change": {
          "runAfter": {
            "Initialize_Is_Updated_message": [
              "Succeeded"
            ]
          },
          "metadata": {
            "operationMetadataId": "fcfd3a42-ccd0-4f98-88b5-21e334daf7d3"
          },
          "type": "InitializeVariable",
          "inputs": {
            "variables": [
              {
                "name": "Plan for change",
                "type": "boolean",
                "value": "@false"
              }
            ]
          }
        },
        "Initialize_Stay_informed": {
          "runAfter": {
            "Initialize_Prevent_or_fix_issues": [
              "Succeeded"
            ]
          },
          "metadata": {
            "operationMetadataId": "0d2a3609-5796-43e7-a7a6-be02a34e5c4c"
          },
          "type": "InitializeVariable",
          "inputs": {
            "variables": [
              {
                "name": "Stay informed",
                "type": "boolean",
                "value": "@false"
              }
            ]
          }
        },
        "Initialize_Has_Updated": {
          "runAfter": {
            "Initialize_Stay_informed": [
              "Succeeded"
            ]
          },
          "metadata": {
            "operationMetadataId": "f5f27fd9-cb9c-4cdc-8fe1-c6c409c8acae"
          },
          "type": "InitializeVariable",
          "inputs": {
            "variables": [
              {
                "name": "Has Updated",
                "type": "boolean",
                "value": "@false"
              }
            ]
          }
        },
        "Initialize_Major_update": {
          "runAfter": {
            "Initialize_Is_Feature_update": [
              "Succeeded"
            ]
          },
          "metadata": {
            "operationMetadataId": "a0281f0d-c9fa-48a8-b4d1-18da993aa4d3"
          },
          "type": "InitializeVariable",
          "inputs": {
            "variables": [
              {
                "name": "Is Major update",
                "type": "boolean",
                "value": "@false"
              }
            ]
          }
        },
        "Initialize_Retirement": {
          "runAfter": {
            "Initialize_Is_Data_Privacy": [
              "Succeeded"
            ]
          },
          "metadata": {
            "operationMetadataId": "d0c377d4-5eeb-4a05-b5c9-eaaffe7f5e6d"
          },
          "type": "InitializeVariable",
          "inputs": {
            "variables": [
              {
                "name": "Is Retirement",
                "type": "boolean",
                "value": "@false"
              }
            ]
          }
        },
        "Initialize_Prevent_or_fix_issues": {
          "runAfter": {
            "Initialize_Plan_for_change": [
              "Succeeded"
            ]
          },
          "metadata": {
            "operationMetadataId": "dea8c310-debd-42dc-8632-8087738b1f70"
          },
          "type": "InitializeVariable",
          "inputs": {
            "variables": [
              {
                "name": "Prevent or fix issues",
                "type": "boolean",
                "value": "@false"
              }
            ]
          }
        },
        "Initialize_Is_Data_Privacy": {
          "runAfter": {
            "Initialize_Major_update": [
              "Succeeded"
            ]
          },
          "metadata": {
            "operationMetadataId": "cd4ffd54-3c4c-4039-934c-5cfaa3a9085c"
          },
          "type": "InitializeVariable",
          "inputs": {
            "variables": [
              {
                "name": "Is Data Privacy",
                "type": "boolean",
                "value": "@false"
              }
            ]
          }
        },
        "Initialize_Is_Updated_message": {
          "runAfter": {
            "Initialize_Retirement": [
              "Succeeded"
            ]
          },
          "metadata": {
            "operationMetadataId": "5ff83f56-213c-4cd7-9c41-f3326b24d389"
          },
          "type": "InitializeVariable",
          "inputs": {
            "variables": [
              {
                "name": "Is Updated message",
                "type": "boolean",
                "value": "@false"
              }
            ]
          }
        },
        "Try": {
          "actions": {
            "Parse_JSON": {
              "metadata": {
                "operationMetadataId": "a778418d-8ac0-4124-858e-fad399efe199"
              },
              "type": "ParseJson",
              "inputs": {
                "content": "@triggerBody()['text']",
                "schema": {
                  "type": "object",
                  "properties": {
                    "@@odata.etag": {
                      "type": "string"
                    },
                    "planId": {
                      "type": "string"
                    },
                    "bucketId": {
                      "type": "string"
                    },
                    "title": {
                      "type": "string"
                    },
                    "orderHint": {
                      "type": "string"
                    },
                    "assigneePriority": {
                      "type": "string"
                    },
                    "percentComplete": {
                      "type": "integer"
                    },
                    "startDateTime": {
                      "type": "string"
                    },
                    "createdDateTime": {
                      "type": "string"
                    },
                    "hasDescription": {
                      "type": "boolean"
                    },
                    "previewType": {
                      "type": "string"
                    },
                    "referenceCount": {
                      "type": "integer"
                    },
                    "checklistItemCount": {
                      "type": "integer"
                    },
                    "activeChecklistItemCount": {
                      "type": "integer"
                    },
                    "priority": {
                      "type": "integer"
                    },
                    "id": {
                      "type": "string"
                    },
                    "createdBy": {
                      "type": "object",
                      "properties": {
                        "user": {
                          "type": "object",
                          "properties": {
                            "id": {
                              "type": "string"
                            }
                          }
                        },
                        "application": {
                          "type": "object",
                          "properties": {
                            "displayName": {},
                            "id": {
                              "type": [
                                "string",
                                "null"
                              ]
                            }
                          }
                        }
                      }
                    },
                    "appliedCategories": {
                      "type": "object",
                      "properties": {}
                    },
                    "assignments": {
                      "type": "object",
                      "properties": {}
                    },
                    "_assignments": {
                      "type": "array"
                    }
                  }
                }
              }
            },
            "Get_task_details": {
              "runAfter": {
                "Parse_JSON": [
                  "Succeeded"
                ]
              },
              "metadata": {
                "operationMetadataId": "805105fe-c485-42cb-80ff-770d1e290b35"
              },
              "type": "OpenApiConnection",
              "inputs": {
                "parameters": {
                  "id": "@body('Parse_JSON')?['id']"
                },
                "host": {
                  "apiId": "/providers/Microsoft.PowerApps/apis/shared_planner",
                  "operationId": "GetTaskDetails_V2",
                  "connectionName": "shared_planner"
                }
              }
            },
            "Determine_Tags": {
              "actions": {
                "For_each_tag": {
                  "foreach": "@variables('Tags')",
                  "actions": {
                    "Switch_on_Tag": {
                      "cases": {
                        "Case:_Admin_impact": {
                          "case": "Admin impact",
                          "actions": {
                            "Set_Is_Admin_Impact": {
                              "type": "SetVariable",
                              "inputs": {
                                "name": "Is Admin Impact",
                                "value": "@true"
                              }
                            }
                          }
                        },
                        "Case:_Feature_update": {
                          "case": "Feature update",
                          "actions": {
                            "Set_Feature_update": {
                              "type": "SetVariable",
                              "inputs": {
                                "name": "Is Feature update",
                                "value": "@true"
                              }
                            }
                          }
                        },
                        "Case:_New_feature": {
                          "case": "New feature",
                          "actions": {
                            "Set_Is_New_Feature": {
                              "type": "SetVariable",
                              "inputs": {
                                "name": "Is New Feature",
                                "value": "@true"
                              }
                            }
                          }
                        },
                        "Case:_User_impact": {
                          "case": "User impact",
                          "actions": {
                            "Set_User_impact": {
                              "type": "SetVariable",
                              "inputs": {
                                "name": "Is User Impact",
                                "value": "@true"
                              }
                            }
                          }
                        },
                        "Case:_Major_update": {
                          "case": "Major update",
                          "actions": {
                            "Set_Major_update": {
                              "type": "SetVariable",
                              "inputs": {
                                "name": "Is Major update",
                                "value": "@true"
                              }
                            }
                          }
                        },
                        "Case:_Retirement": {
                          "case": "Retirement",
                          "actions": {
                            "Set_Retirement": {
                              "type": "SetVariable",
                              "inputs": {
                                "name": "Is Retirement",
                                "value": "@true"
                              }
                            }
                          }
                        },
                        "Case:_Is_Data_Privacy": {
                          "case": "Is Data Privacy",
                          "actions": {
                            "Set_Is_Data_Privacy": {
                              "type": "SetVariable",
                              "inputs": {
                                "name": "Is Data Privacy",
                                "value": "@true"
                              }
                            }
                          }
                        },
                        "Case:_Updated_message": {
                          "case": "Updated message",
                          "actions": {
                            "Set_Is_Updated_message": {
                              "type": "SetVariable",
                              "inputs": {
                                "name": "Is Updated message",
                                "value": "@true"
                              }
                            }
                          }
                        }
                      },
                      "default": {
                        "actions": {}
                      },
                      "expression": "@trim(item())",
                      "metadata": {
                        "operationMetadataId": "6bde45a5-c66a-445d-bf31-5fde657111a9"
                      },
                      "type": "Switch"
                    }
                  },
                  "runAfter": {
                    "Split_and_enumerate_tags": [
                      "Succeeded"
                    ]
                  },
                  "metadata": {
                    "operationMetadataId": "cd8fb8a3-30dd-467d-910d-e76fae90a106"
                  },
                  "type": "Foreach"
                },
                "Switch_on_Category": {
                  "runAfter": {
                    "Extract_Category": [
                      "Succeeded"
                    ]
                  },
                  "cases": {
                    "Case:_Plan_for_change": {
                      "case": "Plan for change",
                      "actions": {
                        "Set_Plan_for_change": {
                          "type": "SetVariable",
                          "inputs": {
                            "name": "Plan for change",
                            "value": "@true"
                          }
                        }
                      }
                    },
                    "Case:_Stay_informed": {
                      "case": "Stay informed",
                      "actions": {
                        "Set_Stay_informed": {
                          "type": "SetVariable",
                          "inputs": {
                            "name": "Stay informed",
                            "value": "@true"
                          }
                        }
                      }
                    },
                    "Case:_Prevent_or_fix_issues": {
                      "case": "Prevent or fix issues",
                      "actions": {
                        "Set_Prevent_or_fix_issues": {
                          "type": "SetVariable",
                          "inputs": {
                            "name": "Prevent or fix issues",
                            "value": "@true"
                          }
                        }
                      }
                    }
                  },
                  "default": {
                    "actions": {}
                  },
                  "expression": "@trim(outputs('Extract_Category')?['Body']?['output'])",
                  "metadata": {
                    "operationMetadataId": "e8fd4521-b545-4ed5-9e02-942c468e3f86"
                  },
                  "type": "Switch"
                },
                "Extract_Tags": {
                  "metadata": {
                    "operationMetadataId": "46cac9d9-a2d5-413a-bc94-4f42fcfa53ad"
                  },
                  "type": "Workflow",
                  "inputs": {
                    "host": {
                      "workflowReferenceName": "c3861164-494a-ed11-bba1-000d3a182b69"
                    },
                    "body": {
                      "text": "@outputs('Get_task_details')?['body/description']",
                      "text_1": "Tags:"
                    }
                  }
                },
                "Split_and_enumerate_tags": {
                  "foreach": "@split(outputs('Extract_Tags')?['Body']?['output'],',')",
                  "actions": {
                    "Append_to_Tags": {
                      "metadata": {
                        "operationMetadataId": "950b44e4-e51a-4534-beb3-899ce75d9ee8"
                      },
                      "type": "AppendToArrayVariable",
                      "inputs": {
                        "name": "Tags",
                        "value": "@trim(item())"
                      }
                    }
                  },
                  "runAfter": {
                    "Extract_Tags": [
                      "Succeeded"
                    ]
                  },
                  "metadata": {
                    "operationMetadataId": "389acd12-ae85-4470-a6c6-149675568874"
                  },
                  "type": "Foreach"
                },
                "Extract_Category": {
                  "runAfter": {
                    "For_each_tag": [
                      "Succeeded",
                      "Skipped",
                      "Failed"
                    ]
                  },
                  "metadata": {
                    "operationMetadataId": "f24fd13f-ca08-427d-b0c7-ec9557d582bb"
                  },
                  "type": "Workflow",
                  "inputs": {
                    "host": {
                      "workflowReferenceName": "c3861164-494a-ed11-bba1-000d3a182b69"
                    },
                    "body": {
                      "text": "@outputs('Get_task_details')?['body/description']",
                      "text_1": "Category:"
                    }
                  }
                }
              },
              "runAfter": {
                "Get_task_details": [
                  "Succeeded"
                ]
              },
              "metadata": {
                "operationMetadataId": "94ce5cde-6693-43a8-ab7c-0a8adbecbf62"
              },
              "type": "Scope"
            },
            "Put_in_Buckets": {
              "actions": {
                "Set_Bucket_Name": {
                  "metadata": {
                    "operationMetadataId": "4b186403-3103-4e5c-a24a-d1619ba6df01"
                  },
                  "type": "SetVariable",
                  "inputs": {
                    "name": "Bucket Name",
                    "value": "@{slice(body('Parse_JSON')?['title'],1,indexOf(body('Parse_JSON')?['title'],']'))}"
                  }
                },
                "For_each_bucket_name": {
                  "foreach": "@split(variables('Bucket Name'),',')",
                  "actions": {
                    "Get_Bucket_Info": {
                      "metadata": {
                        "operationMetadataId": "25379b8c-6c7c-4d45-80fa-01c79e2f2cc6"
                      },
                      "type": "Workflow",
                      "inputs": {
                        "host": {
                          "workflowReferenceName": "249516e2-f343-ed11-bba1-000d3a182b69"
                        },
                        "body": {
                          "text": "@trim(item())"
                        }
                      }
                    },
                    "If_has_updated_copy_new_item": {
                      "actions": {
                        "Update_a_task_(V2)": {
                          "metadata": {
                            "operationMetadataId": "3f66ebd2-13c5-49d2-b413-4ad9ca2be4a4"
                          },
                          "type": "OpenApiConnection",
                          "inputs": {
                            "parameters": {
                              "id": "@body('Parse_JSON')?['id']",
                              "body/title": "@replace(body('Parse_JSON')?['title'],concat('[',variables('Bucket Name'),'] '),'')",
                              "body/percentComplete": "@parameters('Set Task Percent Complete (crafb_SetTaskPercentComplete)')",
                              "body/bucketId": "@body('Get_Bucket_Info')?['bucket']",
                              "body/appliedCategories/category2": "@variables('Is Admin Impact')",
                              "body/appliedCategories/category3": "@variables('Plan for change')",
                              "body/appliedCategories/category4": "@variables('Is User Impact')",
                              "body/appliedCategories/category5": "@variables('Is New Feature')",
                              "body/appliedCategories/category6": "@variables('Is Updated message')",
                              "body/appliedCategories/category7": "@variables('Prevent or fix issues')",
                              "body/appliedCategories/category9": "@variables('Is Feature update')",
                              "body/appliedCategories/category11": "@variables('Stay informed')",
                              "body/appliedCategories/category16": "@variables('Is Major update')",
                              "body/appliedCategories/category22": "@variables('Is Data Privacy')",
                              "body/appliedCategories/category23": "@variables('Is Retirement')"
                            },
                            "host": {
                              "apiId": "/providers/Microsoft.PowerApps/apis/shared_planner",
                              "operationId": "UpdateTask_V3",
                              "connectionName": "shared_planner"
                            }
                          }
                        },
                        "Set_Has_Updated": {
                          "runAfter": {
                            "Update_a_task_(V2)": [
                              "Succeeded"
                            ]
                          },
                          "metadata": {
                            "operationMetadataId": "0277e97b-4b1e-4367-a484-f5a6aed868b3"
                          },
                          "type": "SetVariable",
                          "inputs": {
                            "name": "Has Updated",
                            "value": "@true"
                          }
                        }
                      },
                      "runAfter": {
                        "Get_Bucket_Info": [
                          "Succeeded"
                        ]
                      },
                      "else": {
                        "actions": {
                          "Create_a_task": {
                            "metadata": {
                              "operationMetadataId": "7737b164-f02c-43ee-af97-fcf5234feef1"
                            },
                            "type": "OpenApiConnection",
                            "inputs": {
                              "parameters": {
                                "body/groupId": "@parameters('Message Center Planner Group Id (crafb_MessageCenterPlannerGroupId)')",
                                "body/planId": "@parameters('Message Center Planner Plan Id (crafb_MessageCenterPlannerPlanId)')",
                                "body/title": "@replace(body('Parse_JSON')?['title'],concat('[',variables('Bucket Name'),'] '),'')",
                                "body/bucketId": "@body('Get_Bucket_Info')?['bucket']",
                                "body/startDateTime": "@body('Parse_JSON')?['startDateTime']",
                                "body/appliedCategories/category2": "@variables('Is Admin Impact')",
                                "body/appliedCategories/category3": "@variables('Plan for change')",
                                "body/appliedCategories/category4": "@variables('Is User Impact')",
                                "body/appliedCategories/category5": "@variables('Is New Feature')",
                                "body/appliedCategories/category6": "@variables('Is Updated message')",
                                "body/appliedCategories/category7": "@variables('Prevent or fix issues')",
                                "body/appliedCategories/category9": "@variables('Is Feature update')",
                                "body/appliedCategories/category11": "@variables('Stay informed')",
                                "body/appliedCategories/category16": "@variables('Is Major update')",
                                "body/appliedCategories/category22": "@variables('Is Data Privacy')",
                                "body/appliedCategories/category23": "@variables('Is Retirement')"
                              },
                              "host": {
                                "apiId": "/providers/Microsoft.PowerApps/apis/shared_planner",
                                "operationId": "CreateTask_V4",
                                "connectionName": "shared_planner"
                              }
                            }
                          },
                          "Update_task_details": {
                            "runAfter": {
                              "Select": [
                                "Succeeded"
                              ]
                            },
                            "metadata": {
                              "operationMetadataId": "06e29219-00f7-4054-812b-088b7bba03f3"
                            },
                            "type": "OpenApiConnection",
                            "inputs": {
                              "parameters": {
                                "id": "@outputs('Create_a_task')?['body/id']",
                                "body/description": "@outputs('Get_task_details')?['body/description']",
                                "body/references": "@body('Select')",
                                "body/checklist": "@outputs('Get_task_details')?['body/checklist']"
                              },
                              "host": {
                                "apiId": "/providers/Microsoft.PowerApps/apis/shared_planner",
                                "operationId": "UpdateTaskDetails_V2",
                                "connectionName": "shared_planner"
                              }
                            }
                          },
                          "Update_a_task_(V2)_2": {
                            "runAfter": {
                              "Create_a_task": [
                                "Succeeded"
                              ]
                            },
                            "metadata": {
                              "operationMetadataId": "3f66ebd2-13c5-49d2-b413-4ad9ca2be4a4"
                            },
                            "type": "OpenApiConnection",
                            "inputs": {
                              "parameters": {
                                "id": "@outputs('Create_a_task')?['body/id']",
                                "body/title": "@outputs('Create_a_task')?['body/title']",
                                "body/dueDateTime": "@outputs('Create_a_task')?['body/dueDateTime']",
                                "body/startDateTime": "@outputs('Create_a_task')?['body/startDateTime']",
                                "body/percentComplete": "@parameters('Set Task Percent Complete (crafb_SetTaskPercentComplete)')",
                                "body/bucketId": "@body('Get_Bucket_Info')?['bucket']",
                                "body/appliedCategories/category2": "@variables('Is Admin Impact')",
                                "body/appliedCategories/category3": "@variables('Plan for change')",
                                "body/appliedCategories/category4": "@variables('Is User Impact')",
                                "body/appliedCategories/category5": "@variables('Is New Feature')",
                                "body/appliedCategories/category6": "@variables('Is Updated message')",
                                "body/appliedCategories/category7": "@variables('Prevent or fix issues')",
                                "body/appliedCategories/category9": "@variables('Is Feature update')",
                                "body/appliedCategories/category11": "@variables('Stay informed')",
                                "body/appliedCategories/category16": "@variables('Is Major update')",
                                "body/appliedCategories/category22": "@variables('Is Data Privacy')",
                                "body/appliedCategories/category23": "@variables('Is Retirement')"
                              },
                              "host": {
                                "apiId": "/providers/Microsoft.PowerApps/apis/shared_planner",
                                "operationId": "UpdateTask_V3",
                                "connectionName": "shared_planner"
                              }
                            }
                          },
                          "Select": {
                            "runAfter": {
                              "Update_a_task_(V2)_2": [
                                "Succeeded"
                              ]
                            },
                            "metadata": {
                              "operationMetadataId": "0eb56053-5d16-4370-adf7-38e76f4f5582"
                            },
                            "type": "Select",
                            "inputs": {
                              "from": "@outputs('Get_task_details')?['body/references']",
                              "select": {
                                "alias": "@item()?['value/alias']",
                                "resourceLink": "@item()?['resourceLink']",
                                "type": "@item()?['value/type']"
                              }
                            }
                          }
                        }
                      },
                      "expression": {
                        "equals": [
                          "@variables('Has Updated')",
                          "@false"
                        ]
                      },
                      "metadata": {
                        "operationMetadataId": "cd7c3b71-fdd8-4880-8bb0-c29306454ba2"
                      },
                      "type": "If"
                    }
                  },
                  "runAfter": {
                    "Set_Bucket_Name": [
                      "Succeeded"
                    ]
                  },
                  "metadata": {
                    "operationMetadataId": "9a30464c-507d-46c0-992c-3c0a32b2cf54"
                  },
                  "type": "Foreach"
                }
              },
              "runAfter": {
                "Determine_Tags": [
                  "Succeeded"
                ]
              },
              "metadata": {
                "operationMetadataId": "30041974-245a-44a3-bc2a-c7eac0ed456f"
              },
              "type": "Scope"
            }
          },
          "runAfter": {
            "Initialize_Has_Updated": [
              "Succeeded"
            ]
          },
          "type": "Scope"
        },
        "Catch": {
          "actions": {},
          "runAfter": {
            "Try": [
              "Failed",
              "TimedOut"
            ]
          },
          "type": "Scope"
        }
      }
    },
    "templateName": null
  },
  "schemaVersion": "1.0.0.0"
}