{
  "properties": {
    "connectionReferences": {
      "shared_webcontents": {
        "runtimeSource": "invoker",
        "connection": {
          "connectionReferenceLogicalName": "crafb_MessageCenterGraphConnector"
        },
        "api": {
          "name": "shared_webcontents"
        }
      },
      "shared_planner": {
        "runtimeSource": "invoker",
        "connection": {
          "connectionReferenceLogicalName": "crafb_MessageCenterPlannerConnector"
        },
        "api": {
          "name": "shared_planner"
        }
      }
    },
    "definition": {
      "$schema": "https://schema.management.azure.com/providers/Microsoft.Logic/schemas/2016-06-01/workflowdefinition.json#",
      "contentVersion": "1.0.0.0",
      "parameters": {
        "$authentication": {
          "defaultValue": {},
          "type": "SecureObject"
        },
        "$connections": {
          "defaultValue": {},
          "type": "Object"
        },
        "Message Center Planner Group Id (crafb_MessageCenterPlannerGroupId)": {
          "defaultValue": "de66b2c2-9db8-4127-80df-c8f768cdc3f0",
          "type": "String",
          "metadata": {
            "schemaName": "crafb_MessageCenterPlannerGroupId"
          }
        },
        "Message Center Planner Plan Id (crafb_MessageCenterPlannerPlanId)": {
          "defaultValue": "Ejg9PFprv0OKEUnapVLmgWUAF6wN",
          "type": "String",
          "metadata": {
            "schemaName": "crafb_MessageCenterPlannerPlanId"
          }
        }
      },
      "triggers": {
        "manual": {
          "metadata": {
            "operationMetadataId": "cff4f2c8-ed01-4db3-8c5d-d067f01bf41a"
          },
          "type": "Request",
          "kind": "Button",
          "inputs": {
            "schema": {
              "type": "object",
              "properties": {},
              "required": []
            }
          }
        }
      },
      "actions": {
        "Condition": {
          "actions": {
            "Terminate": {
              "metadata": {
                "operationMetadataId": "6577be23-a6fd-4fec-bef5-4c80c35177ba"
              },
              "type": "Terminate",
              "inputs": {
                "runStatus": "Failed",
                "runError": {
                  "message": "Environment variables do not have values"
                }
              }
            }
          },
          "runAfter": {},
          "else": {
            "actions": {}
          },
          "expression": {
            "or": [
              {
                "equals": [
                  "@parameters('Message Center Planner Group Id (crafb_MessageCenterPlannerGroupId)')",
                  ""
                ]
              },
              {
                "equals": [
                  "@parameters('Message Center Planner Plan Id (crafb_MessageCenterPlannerPlanId)')",
                  ""
                ]
              }
            ]
          },
          "metadata": {
            "operationMetadataId": "583df42d-8172-4918-a3d9-d758b3b71b39"
          },
          "type": "If"
        },
        "Update_plan_tags": {
          "runAfter": {
            "Parse_JSON": [
              "Succeeded"
            ]
          },
          "metadata": {
            "operationMetadataId": "01193768-18a5-45cd-b7eb-c2081289146b"
          },
          "type": "OpenApiConnection",
          "inputs": {
            "parameters": {
              "request/method": "PATCH",
              "request/url": "https://graph.microsoft.com/v1.0/planner/plans/@{parameters('Message Center Planner Plan Id (crafb_MessageCenterPlannerPlanId)')}/details",
              "request/headers": {
                "If-Match": "@body('Parse_JSON')?['@odata.etag']"
              },
              "request/body": "{\n    \"categoryDescriptions\": {\n        \"category2\": \"Admin impact\",\n        \"category3\": \"Plan for change\",\n        \"category4\": \"User impact\",\n        \"category5\": \"New feature\",\n        \"category6\": \"Updated message\",\n        \"category7\": \"Prevent or fix issues\",\n        \"category9\": \"Feature update\",\n        \"category11\": \"Stay informed\",\n        \"category16\": \"Major update\",\n        \"category22\": \"Data Privacy\",\n        \"category23\": \"Retirement\"\n    }\n}"
            },
            "host": {
              "apiId": "/providers/Microsoft.PowerApps/apis/shared_webcontents",
              "operationId": "InvokeHttp",
              "connectionName": "shared_webcontents"
            }
          }
        },
        "Parse_JSON": {
          "runAfter": {
            "Get_plan_details": [
              "Succeeded"
            ]
          },
          "metadata": {
            "operationMetadataId": "4abf2987-2fd1-4085-8e1c-dfde15e8dac1"
          },
          "type": "ParseJson",
          "inputs": {
            "content": "@body('Get_plan_details')",
            "schema": {
              "type": "object",
              "properties": {
                "@@odata.context": {
                  "type": "string"
                },
                "@@odata.etag": {
                  "type": "string"
                },
                "id": {
                  "type": "string"
                },
                "sharedWith": {
                  "type": "object",
                  "properties": {
                    "8e826442-7237-4010-a1ef-5d906fb7d1cf": {
                      "type": "boolean"
                    },
                    "5c393d8c-0640-4485-9be1-9092ae29caa3": {
                      "type": "boolean"
                    }
                  }
                },
                "categoryDescriptions": {
                  "type": "object",
                  "properties": {
                    "category1": {},
                    "category2": {},
                    "category3": {},
                    "category4": {},
                    "category5": {},
                    "category6": {},
                    "category7": {},
                    "category8": {},
                    "category9": {},
                    "category10": {},
                    "category11": {},
                    "category12": {},
                    "category13": {},
                    "category14": {},
                    "category15": {},
                    "category16": {},
                    "category17": {},
                    "category18": {},
                    "category19": {},
                    "category20": {},
                    "category21": {},
                    "category22": {},
                    "category23": {},
                    "category24": {},
                    "category25": {}
                  }
                }
              }
            }
          }
        },
        "Get_plan_details": {
          "runAfter": {
            "If_To_do_bucket_found": [
              "Succeeded"
            ]
          },
          "metadata": {
            "operationMetadataId": "01193768-18a5-45cd-b7eb-c2081289146b"
          },
          "type": "OpenApiConnection",
          "inputs": {
            "parameters": {
              "request/method": "GET",
              "request/url": "https://graph.microsoft.com/v1.0/planner/plans/@{parameters('Message Center Planner Plan Id (crafb_MessageCenterPlannerPlanId)')}/details"
            },
            "host": {
              "apiId": "/providers/Microsoft.PowerApps/apis/shared_webcontents",
              "operationId": "InvokeHttp",
              "connectionName": "shared_webcontents"
            }
          }
        },
        "List_buckets": {
          "runAfter": {
            "Condition": [
              "Succeeded"
            ]
          },
          "metadata": {
            "operationMetadataId": "24e9a74f-304e-4904-9a6c-f2ca0e00dcaf"
          },
          "type": "OpenApiConnection",
          "inputs": {
            "parameters": {
              "groupId": "@parameters('Message Center Planner Group Id (crafb_MessageCenterPlannerGroupId)')",
              "id": "@parameters('Message Center Planner Plan Id (crafb_MessageCenterPlannerPlanId)')"
            },
            "host": {
              "apiId": "/providers/Microsoft.PowerApps/apis/shared_planner",
              "operationId": "ListBuckets_V3",
              "connectionName": "shared_planner"
            }
          }
        },
        "Filter_for_To_do_bucket": {
          "runAfter": {
            "List_buckets": [
              "Succeeded"
            ]
          },
          "metadata": {
            "operationMetadataId": "f9b45dd6-f294-44cb-a2ac-e490d3af99f9"
          },
          "type": "Query",
          "inputs": {
            "from": "@outputs('List_buckets')?['body/value']",
            "where": "@equals(item()?['name'], 'To do')"
          }
        },
        "If_To_do_bucket_found": {
          "actions": {
            "Parse_To_do_bucket_filter": {
              "metadata": {
                "operationMetadataId": "160d4b04-e8f9-476c-a036-57d1cc05a4ef"
              },
              "type": "ParseJson",
              "inputs": {
                "content": "@body('Filter_for_To_do_bucket')",
                "schema": {
                  "type": "array",
                  "items": {
                    "type": "object",
                    "properties": {
                      "@@odata.etag": {
                        "type": "string"
                      },
                      "name": {
                        "type": "string"
                      },
                      "planId": {
                        "type": "string"
                      },
                      "orderHint": {
                        "type": "string"
                      },
                      "id": {
                        "type": "string"
                      }
                    }
                  }
                }
              },
              "description": "Parse to get the eTag value"
            },
            "Apply_to_each": {
              "foreach": "@body('Parse_To_do_bucket_filter')",
              "actions": {
                "Rename_To_do_to_Incoming": {
                  "metadata": {
                    "operationMetadataId": "efeb1b6f-a4d6-4a5e-b4fe-5b3e14acc258"
                  },
                  "type": "OpenApiConnection",
                  "inputs": {
                    "parameters": {
                      "request/method": "PATCH",
                      "request/url": "https://graph.microsoft.com/v1.0/planner/buckets/@{items('Apply_to_each')['id']}",
                      "request/headers": {
                        "If-Match": "@items('Apply_to_each')['@odata.etag']"
                      },
                      "request/body": "{\n  \"name\": \"Incoming Messages\"\n}"
                    },
                    "host": {
                      "apiId": "/providers/Microsoft.PowerApps/apis/shared_webcontents",
                      "operationId": "InvokeHttp",
                      "connectionName": "shared_webcontents"
                    }
                  }
                }
              },
              "runAfter": {
                "Parse_To_do_bucket_filter": [
                  "Succeeded"
                ]
              },
              "metadata": {
                "operationMetadataId": "55a752df-7927-4dfa-ae18-00bde2b1359a"
              },
              "type": "Foreach",
              "description": "Should only run once"
            }
          },
          "runAfter": {
            "Filter_for_To_do_bucket": [
              "Succeeded"
            ]
          },
          "else": {
            "actions": {
              "Ensure_Incoming_Bucket": {
                "metadata": {
                  "operationMetadataId": "3c9f8a55-14fa-4045-a9e0-c310381a064e"
                },
                "type": "Workflow",
                "inputs": {
                  "host": {
                    "workflowReferenceName": "249516e2-f343-ed11-bba1-000d3a182b69"
                  },
                  "body": {
                    "text": "Incoming Messages"
                  }
                }
              }
            }
          },
          "expression": {
            "greater": [
              "@length(body('Filter_for_To_do_bucket'))",
              0
            ]
          },
          "metadata": {
            "operationMetadataId": "3297d7b2-d848-4153-a8b7-d9f9534a6a85"
          },
          "type": "If"
        }
      }
    },
    "templateName": null
  },
  "schemaVersion": "1.0.0.0"
}