{
  "properties": {
    "connectionReferences": {
      "shared_planner": {
        "runtimeSource": "embedded",
        "connection": {
          "connectionReferenceLogicalName": "crafb_MessageCenterPlannerConnector"
        },
        "api": {
          "name": "shared_planner"
        }
      }
    },
    "definition": {
      "$schema": "https://schema.management.azure.com/providers/Microsoft.Logic/schemas/2016-06-01/workflowdefinition.json#",
      "contentVersion": "1.0.0.0",
      "parameters": {
        "$authentication": {
          "defaultValue": {},
          "type": "SecureObject"
        },
        "$connections": {
          "defaultValue": {},
          "type": "Object"
        },
        "Message Center Planner Group Id (crafb_MessageCenterPlannerGroupId)": {
          "defaultValue": "de66b2c2-9db8-4127-80df-c8f768cdc3f0",
          "type": "String",
          "metadata": {
            "schemaName": "crafb_MessageCenterPlannerGroupId"
          }
        },
        "Message Center Planner Plan Id (crafb_MessageCenterPlannerPlanId)": {
          "defaultValue": "Ejg9PFprv0OKEUnapVLmgWUAF6wN",
          "type": "String",
          "metadata": {
            "schemaName": "crafb_MessageCenterPlannerPlanId"
          }
        }
      },
      "triggers": {
        "manual": {
          "metadata": {
            "operationMetadataId": "6a5bddf5-0b4a-4446-8cc5-1138992f146c"
          },
          "type": "Request",
          "kind": "Button",
          "inputs": {
            "schema": {
              "type": "object",
              "properties": {
                "text": {
                  "title": "Bucket Name",
                  "type": "string",
                  "x-ms-dynamically-added": true,
                  "description": "Please enter your input",
                  "x-ms-content-hint": "TEXT"
                }
              },
              "required": [
                "text"
              ]
            }
          }
        }
      },
      "actions": {
        "List_buckets": {
          "runAfter": {},
          "metadata": {
            "operationMetadataId": "1eacb87a-d3fa-4a17-a7e1-d59a870e48eb"
          },
          "type": "OpenApiConnection",
          "inputs": {
            "parameters": {
              "groupId": "@parameters('Message Center Planner Group Id (crafb_MessageCenterPlannerGroupId)')",
              "id": "@parameters('Message Center Planner Plan Id (crafb_MessageCenterPlannerPlanId)')"
            },
            "host": {
              "apiId": "/providers/Microsoft.PowerApps/apis/shared_planner",
              "operationId": "ListBuckets_V3",
              "connectionName": "shared_planner"
            }
          }
        },
        "Filter_array": {
          "runAfter": {
            "List_buckets": [
              "Succeeded"
            ]
          },
          "metadata": {
            "operationMetadataId": "41f3037d-2511-4b09-b046-ec3b3fedb63d"
          },
          "type": "Query",
          "inputs": {
            "from": "@outputs('List_buckets')?['body/value']",
            "where": "@equals(item()?['name'], triggerBody()['text'])"
          }
        },
        "If_bucket_is_found": {
          "actions": {
            "Set_found_bucket_id": {
              "metadata": {
                "operationMetadataId": "5269a61a-cbb2-4f49-896b-4a3bfe0d9faa"
              },
              "type": "SetVariable",
              "inputs": {
                "name": "Bucket Id",
                "value": "@{first(body('Filter_array'))?['id']}"
              }
            }
          },
          "runAfter": {
            "Initialize_Bucket_Id": [
              "Succeeded"
            ]
          },
          "else": {
            "actions": {
              "Create_a_bucket": {
                "metadata": {
                  "operationMetadataId": "570d79da-03a3-49d8-a6d6-d0b3ce3d76d9"
                },
                "type": "OpenApiConnection",
                "inputs": {
                  "parameters": {
                    "body/name": "@triggerBody()['text']",
                    "body/groupId": "@parameters('Message Center Planner Group Id (crafb_MessageCenterPlannerGroupId)')",
                    "body/planId": "@parameters('Message Center Planner Plan Id (crafb_MessageCenterPlannerPlanId)')"
                  },
                  "host": {
                    "apiId": "/providers/Microsoft.PowerApps/apis/shared_planner",
                    "operationId": "CreateBucket_V2",
                    "connectionName": "shared_planner"
                  }
                }
              },
              "Set_new_bucket_id": {
                "runAfter": {
                  "Create_a_bucket": [
                    "Succeeded"
                  ]
                },
                "metadata": {
                  "operationMetadataId": "f8e5013a-fb56-48eb-b94f-c9140ffb33e9"
                },
                "type": "SetVariable",
                "inputs": {
                  "name": "Bucket Id",
                  "value": "@outputs('Create_a_bucket')?['body/id']"
                }
              }
            }
          },
          "expression": {
            "greater": [
              "@length(body('Filter_array'))",
              0
            ]
          },
          "metadata": {
            "operationMetadataId": "3f49e647-4d89-46d0-9a25-8984324335ba"
          },
          "type": "If"
        },
        "Initialize_Bucket_Id": {
          "runAfter": {
            "Filter_array": [
              "Succeeded"
            ]
          },
          "metadata": {
            "operationMetadataId": "6e57b258-c0ca-465b-b284-0b56ddc05a8a"
          },
          "type": "InitializeVariable",
          "inputs": {
            "variables": [
              {
                "name": "Bucket Id",
                "type": "string"
              }
            ]
          }
        },
        "Respond_to_a_PowerApp_or_flow": {
          "runAfter": {
            "If_bucket_is_found": [
              "Succeeded"
            ]
          },
          "metadata": {
            "operationMetadataId": "65af2bfb-1ba6-4111-941a-50a06cc49fbd"
          },
          "type": "Response",
          "kind": "PowerApp",
          "inputs": {
            "schema": {
              "type": "object",
              "properties": {
                "bucket": {
                  "title": "Bucket",
                  "x-ms-dynamically-added": true,
                  "type": "string"
                }
              },
              "additionalProperties": {}
            },
            "statusCode": 200,
            "body": {
              "bucket": "@variables('Bucket Id')"
            }
          }
        }
      }
    },
    "templateName": null
  },
  "schemaVersion": "1.0.0.0"
}