{
  "properties": {
    "connectionReferences": {
      "shared_m365messagecenter": {
        "runtimeSource": "embedded",
        "connection": {
          "connectionReferenceLogicalName": "mcsync_sharedm365messagecenter_48dde"
        },
        "api": {
          "name": "shared_m365messagecenter"
        }
      }
    },
    "definition": {
      "$schema": "https://schema.management.azure.com/providers/Microsoft.Logic/schemas/2016-06-01/workflowdefinition.json#",
      "contentVersion": "1.0.0.0",
      "parameters": {
        "$authentication": {
          "defaultValue": {},
          "type": "SecureObject"
        },
        "$connections": {
          "defaultValue": {},
          "type": "Object"
        }
      },
      "triggers": {
        "Recurrence": {
          "recurrence": {
            "frequency": "Day",
            "interval": 1,
            "startTime": "2024-07-26T11:00:00Z"
          },
          "metadata": {
            "operationMetadataId": "7aff59ef-de66-4e03-a016-bd1f83161b56"
          },
          "type": "Recurrence"
        }
      },
      "actions": {
        "Sync_messages_to_planner": {
          "runAfter": {},
          "type": "OpenApiConnection",
          "inputs": {
            "host": {
              "apiId": "/providers/Microsoft.PowerApps/apis/shared_m365messagecenter",
              "operationId": "SyncMessages",
              "connectionName": "shared_m365messagecenter"
            },
            "retryPolicy": {
              "type": "none"
            }
          }
        }
      }
    },
    "templateName": null
  },
  "schemaVersion": "1.0.0.0"
}