{
  "properties": {
    "connectionReferences": {
      "shared_planner": {
        "runtimeSource": "embedded",
        "connection": {
          "connectionReferenceLogicalName": "crafb_MessageCenterPlannerConnector"
        },
        "api": {
          "name": "shared_planner"
        }
      }
    },
    "definition": {
      "$schema": "https://schema.management.azure.com/providers/Microsoft.Logic/schemas/2016-06-01/workflowdefinition.json#",
      "contentVersion": "1.0.0.0",
      "parameters": {
        "$authentication": {
          "defaultValue": {},
          "type": "SecureObject"
        },
        "$connections": {
          "defaultValue": {},
          "type": "Object"
        },
        "Message Center Planner Group Id (crafb_MessageCenterPlannerGroupId)": {
          "defaultValue": "de66b2c2-9db8-4127-80df-c8f768cdc3f0",
          "type": "String",
          "metadata": {
            "schemaName": "crafb_MessageCenterPlannerGroupId"
          }
        },
        "Message Center Planner Plan Id (crafb_MessageCenterPlannerPlanId)": {
          "defaultValue": "wmPdDXcxtUOcSbuZieZsTGUAF6wK",
          "type": "String",
          "metadata": {
            "schemaName": "crafb_MessageCenterPlannerPlanId"
          }
        }
      },
      "triggers": {
        "When_a_new_task_is_created": {
          "recurrence": {
            "frequency": "Minute",
            "interval": 1
          },
          "splitOn": "@triggerOutputs()?['body/value']",
          "metadata": {
            "operationMetadataId": "d4ec3cde-7f77-4c05-9d4b-b57905b07504"
          },
          "type": "OpenApiConnection",
          "inputs": {
            "parameters": {
              "groupId": "@parameters('Message Center Planner Group Id (crafb_MessageCenterPlannerGroupId)')",
              "id": "@parameters('Message Center Planner Plan Id (crafb_MessageCenterPlannerPlanId)')"
            },
            "host": {
              "apiId": "/providers/Microsoft.PowerApps/apis/shared_planner",
              "operationId": "OnNewTask_V3",
              "connectionName": "shared_planner"
            }
          },
          "runtimeConfiguration": {
            "concurrency": {
              "runs": 20
            }
          }
        }
      },
      "actions": {
        "Initialize_variable": {
          "runAfter": {
            "Incoming_Bucket": [
              "Succeeded"
            ]
          },
          "metadata": {
            "operationMetadataId": "56b52c06-c328-4f70-8bd0-1b0595c2a925"
          },
          "type": "InitializeVariable",
          "inputs": {
            "variables": [
              {
                "name": "continuation",
                "type": "string"
              }
            ]
          }
        },
        "Incoming_Bucket": {
          "runAfter": {},
          "metadata": {
            "operationMetadataId": "87e9c8c3-e290-460e-8173-546ba321cac3"
          },
          "type": "Workflow",
          "inputs": {
            "host": {
              "workflowReferenceName": "249516e2-f343-ed11-bba1-000d3a182b69"
            },
            "body": {
              "text": "Incoming Messages"
            }
          }
        },
        "Condition": {
          "actions": {
            "Run_a_Child_Flow": {
              "metadata": {
                "operationMetadataId": "4a2b1716-c8db-41ff-9d41-318efcacd75c"
              },
              "type": "Workflow",
              "inputs": {
                "host": {
                  "workflowReferenceName": "ec73ab24-f243-ed11-bba1-000d3a182b69"
                },
                "body": {
                  "text": "@{string(triggerBody())}"
                }
              }
            },
            "Set_variable": {
              "runAfter": {
                "Run_a_Child_Flow": [
                  "Succeeded",
                  "Failed",
                  "Skipped",
                  "TimedOut"
                ]
              },
              "metadata": {
                "operationMetadataId": "87a569dd-587f-4ff8-9be8-b7263b76d61b"
              },
              "type": "SetVariable",
              "inputs": {
                "name": "continuation",
                "value": "@{null}"
              },
              "description": "Variable is only used to have a run after option when running the child flow"
            }
          },
          "runAfter": {
            "Initialize_variable": [
              "Succeeded"
            ]
          },
          "else": {
            "actions": {}
          },
          "expression": {
            "equals": [
              "@triggerOutputs()?['body/bucketId']",
              "@body('Incoming_Bucket')?['bucket']"
            ]
          },
          "metadata": {
            "operationMetadataId": "0bf47625-4615-4c33-8067-e880aaeba26d"
          },
          "type": "If"
        }
      },
      "outputs": {}
    },
    "templateName": null
  },
  "schemaVersion": "1.0.0.0"
}