{
  "properties": {
    "connectionReferences": {
      "shared_planner": {
        "runtimeSource": "invoker",
        "connection": {
          "connectionReferenceLogicalName": "crafb_MessageCenterPlannerConnector"
        },
        "api": {
          "name": "shared_planner"
        }
      }
    },
    "definition": {
      "$schema": "https://schema.management.azure.com/providers/Microsoft.Logic/schemas/2016-06-01/workflowdefinition.json#",
      "contentVersion": "1.0.0.0",
      "parameters": {
        "$authentication": {
          "defaultValue": {},
          "type": "SecureObject"
        },
        "$connections": {
          "defaultValue": {},
          "type": "Object"
        },
        "Message Center Planner Group Id (crafb_MessageCenterPlannerGroupId)": {
          "defaultValue": "de66b2c2-9db8-4127-80df-c8f768cdc3f0",
          "type": "String",
          "metadata": {
            "schemaName": "crafb_MessageCenterPlannerGroupId"
          }
        },
        "Message Center Planner Plan Id (crafb_MessageCenterPlannerPlanId)": {
          "defaultValue": "Ejg9PFprv0OKEUnapVLmgWUAF6wN",
          "type": "String",
          "metadata": {
            "schemaName": "crafb_MessageCenterPlannerPlanId"
          }
        }
      },
      "triggers": {
        "manual": {
          "metadata": {
            "operationMetadataId": "dc3aa8d7-7ae6-4a73-a877-5033de6349f3"
          },
          "type": "Request",
          "kind": "Button",
          "inputs": {
            "schema": {
              "type": "object",
              "properties": {},
              "required": []
            }
          }
        }
      },
      "actions": {
        "List_tasks": {
          "runAfter": {
            "Incoming_Bucket": [
              "Succeeded"
            ]
          },
          "metadata": {
            "operationMetadataId": "476b0321-1efb-4bae-ad68-6ba58a337dc3"
          },
          "type": "OpenApiConnection",
          "inputs": {
            "parameters": {
              "groupId": "@parameters('Message Center Planner Group Id (crafb_MessageCenterPlannerGroupId)')",
              "id": "@parameters('Message Center Planner Plan Id (crafb_MessageCenterPlannerPlanId)')"
            },
            "host": {
              "apiId": "/providers/Microsoft.PowerApps/apis/shared_planner",
              "operationId": "ListTasks_V3",
              "connectionName": "shared_planner"
            }
          },
          "runtimeConfiguration": {
            "paginationPolicy": {
              "minimumItemCount": 10000
            }
          }
        },
        "Apply_to_each": {
          "foreach": "@body('Filter_array')",
          "actions": {
            "Always_run_after_to_continue_next_loop": {
              "runAfter": {
                "Run_a_Child_Flow": [
                  "Succeeded",
                  "Failed",
                  "Skipped",
                  "TimedOut"
                ]
              },
              "metadata": {
                "operationMetadataId": "f49584c4-257e-450f-99b6-9cc5a82bd3fc"
              },
              "type": "SetVariable",
              "inputs": {
                "name": "continuation",
                "value": "@{null}"
              }
            },
            "Run_a_Child_Flow": {
              "limit": {
                "timeout": "PT10M"
              },
              "metadata": {
                "operationMetadataId": "a8b072c0-2fac-46f9-9ab7-a7ff81c7726f"
              },
              "type": "Workflow",
              "inputs": {
                "host": {
                  "workflowReferenceName": "ec73ab24-f243-ed11-bba1-000d3a182b69"
                },
                "body": {
                  "text": "@string(item())"
                }
              }
            }
          },
          "runAfter": {
            "Filter_array": [
              "Succeeded"
            ]
          },
          "metadata": {
            "operationMetadataId": "c75f4c71-5ca1-4182-9041-22686643fe56"
          },
          "type": "Foreach",
          "runtimeConfiguration": {
            "concurrency": {
              "repetitions": 4
            }
          }
        },
        "Incoming_Bucket": {
          "runAfter": {
            "Initialize_variable": [
              "Succeeded"
            ]
          },
          "metadata": {
            "operationMetadataId": "f94028fa-0044-41df-ba70-dc28a3863ebb"
          },
          "type": "Workflow",
          "inputs": {
            "host": {
              "workflowReferenceName": "249516e2-f343-ed11-bba1-000d3a182b69"
            },
            "body": {
              "text": "Incoming Messages"
            }
          }
        },
        "Filter_array": {
          "runAfter": {
            "List_tasks": [
              "Succeeded"
            ]
          },
          "metadata": {
            "operationMetadataId": "bf43d272-1870-4687-92a9-ef419419b39f"
          },
          "type": "Query",
          "inputs": {
            "from": "@outputs('List_tasks')?['body/value']",
            "where": "@equals(item()['bucketId'], body('Incoming_Bucket')?['bucket'])"
          }
        },
        "Initialize_variable": {
          "runAfter": {},
          "metadata": {
            "operationMetadataId": "103dc31c-6d95-43bf-8663-c5d1ec1c463b"
          },
          "type": "InitializeVariable",
          "inputs": {
            "variables": [
              {
                "name": "continuation",
                "type": "string"
              }
            ]
          },
          "description": "Variable is only used to have a run after option when running the child flow"
        }
      }
    },
    "templateName": null
  },
  "schemaVersion": "1.0.0.0"
}