<environmentvariabledefinition schemaname="crafb_SetTaskPercentComplete">
  <defaultvalue>0</defaultvalue>
  <description default="Set to 0 for Not Started; Set to 100 for Complete">
    <label description="Set to 0 for Not Started; Set to 100 for Complete" languagecode="1033" />
  </description>
  <displayname default="Set Task Percent Complete">
    <label description="Set Task Percent Complete" languagecode="1033" />
  </displayname>
  <introducedversion>1.0.0.0</introducedversion>
  <iscustomizable>1</iscustomizable>
  <isrequired>0</isrequired>
  <secretstore>0</secretstore>
  <type>100000001</type>
</environmentvariabledefinition>